timestamp_utc,name,score,rs_rating,breakout_volume,vs_pivot_pct,status
2026-09-30T03:03:43.360499,Aarti Pharmalabs,83.6,80.0,2.28,0.8,Powering up
2026-09-30T03:03:43.360499,Welspun Corp,83.4,98.0,1.43,0.3,Powering up
2026-09-30T03:03:43.360499,LLOYDS ENGINEERING WORKS,82.1,92.0,4.57,3.7,Powering up
2026-09-30T03:03:43.360499,Antelopus Selan Energy,77.8,95.0,0.99,1.3,Powering up
2026-09-30T03:03:43.360499,Pearl Global Industries,77.7,88.0,4.37,4.0,Powering up
2026-09-30T03:03:43.360499,Bliss GVS Pharma,62.1,98.0,11.4,-1.6,Powering up
2026-09-30T03:03:43.360499,Innova Captab,62.0,87.0,6.34,2.5,Cooling off
2026-09-30T03:03:43.360499,SBC Exports,58.9,95.0,4.1,-0.7,Powering up
2026-09-30T03:03:43.360499,Dynamatic Technologies,57.5,83.0,1.87,4.3,Powering up
2026-09-30T03:03:43.360499,Sunflag Iron And Steel Company,52.7,90.0,14.1,11.7,Powering up
2026-09-30T03:03:43.360499,Divi's Laboratories,49.9,84.0,1.0,-1.5,Powering up
2026-09-30T03:03:43.360499,Indo Count Industries,38.4,80.0,3.4,-7.3,Cooling off
2026-10-04T14:04:12.698654,Aarti Pharmalabs,76.5,88.0,14.1,4.2,Powering up
2026-10-04T14:04:12.698654,Sunflag Iron And Steel Company,61.1,88.0,4.57,-0.3,Powering up
2026-10-04T14:04:12.698654,Antelopus Selan Energy,57.5,94.0,4.1,-5.5,Powering up
2026-10-04T14:04:12.698654,SBC Exports,49.4,94.0,2.54,18.9,Powering up
2026-10-04T14:04:12.698654,Bliss GVS Pharma,43.1,98.0,11.4,-5.4,Cooling off
2026-10-04T14:04:12.698654,LLOYDS ENGINEERING WORKS,40.1,92.0,8.24,12.0,Powering up
2026-10-05T17:35:28.853160,India Homes,72.9,96.0,,4.75,Powering up
2026-10-05T17:35:28.853160,band,54.4,82.0,,6.64,Powering up
2026-10-07T02:20:05.845429,India Homes,86.3,95.0,,0.61,
2026-10-07T02:20:05.845429,Bharat Heavy Electricals F&O,81.0,90.0,,2.11,Powering up
2026-10-07T02:20:05.845429,band,79.7,84.0,,1.05,Powering up
